series	size	time_ns
default	0	45
default	1	45
default	2	46
default	3	45
default	4	46
default	5	46
default	6	45
default	7	46
default	8	45
default	9	46
default	10	47
default	11	47
default	12	46
default	13	45
default	14	46
default	15	46
default	16	45
default	17	47
default	18	46
default	19	46
default	20	46
default	21	47
default	22	46
default	23	45
default	24	46
default	25	46
default	26	46
default	27	47
default	28	45
default	29	45
default	30	47
default	31	46
default	32	46
default	33	47
default	34	45
default	35	46
default	36	46
default	37	47
default	38	45
default	39	46
default	40	47
default	41	45
default	42	45
default	43	46
default	44	46
default	45	46
default	46	45
default	47	46
default	48	46
default	49	45
default	50	46
default	51	46
default	52	46
default	53	46
default	54	45
default	55	46
default	56	47
default	57	45
default	58	44
default	59	47
default	60	46
default	61	46
default	62	46
default	63	46
default	64	46
default	65	314
default	66	312
default	67	324
default	68	324
default	69	326
default	70	312
default	71	321
default	72	329
default	73	328
default	74	335
default	75	316
default	76	341
default	77	323
default	78	325
default	79	333
default	80	323
default	81	324
default	82	320
default	83	316
default	84	315
default	85	342
default	86	329
default	87	318
default	88	321
default	89	321
default	90	342
default	91	330
default	92	336
default	93	324
default	94	325
default	95	338
default	96	327
default	97	332
default	98	334
default	99	338
default	100	320
default	101	371
default	102	335
default	103	325
default	104	339
default	105	329
default	106	342
default	107	327
default	108	330
default	109	354
default	110	336
default	111	318
default	112	324
default	113	340
default	114	337
default	115	336
default	116	342
default	117	345
default	118	340
default	119	331
default	120	332
default	121	332
default	122	341
default	123	340
default	124	335
default	125	353
default	126	336
default	127	355
default	128	319
default	129	403
default	130	406
default	131	404
default	132	395
default	133	405
default	134	377
default	135	387
default	136	388
default	137	404
default	138	417
default	139	421
default	140	408
default	141	405
default	142	419
default	143	400
default	144	423
default	145	406
default	146	432
default	147	397
default	148	428
default	149	376
default	150	384
default	151	388
default	152	390
default	153	443
default	154	401
default	155	416
default	156	436
default	157	453
default	158	434
default	159	412
default	160	420
default	161	466
default	162	411
default	163	429
default	164	446
default	165	410
default	166	465
default	167	460
default	168	438
default	169	433
default	170	421
default	171	430
default	172	442
default	173	454
default	174	403
default	175	455
default	176	451
default	177	459
default	178	485
default	179	447
default	180	438
default	181	479
default	182	405
default	183	443
default	184	493
default	185	457
default	186	515
default	187	443
default	188	475
default	189	443
default	190	448
default	191	452
default	192	463
default	193	520
default	194	463
default	195	495
default	196	459
default	197	515
default	198	501
default	199	479
default	200	514
default	201	522
default	202	488
default	203	498
default	204	495
default	205	470
default	206	600
default	207	497
default	208	498
default	209	526
default	210	496
default	211	492
default	212	512
default	213	456
default	214	567
default	215	584
default	216	469
default	217	444
default	218	520
default	219	506
default	220	542
default	221	536
default	222	472
default	223	466
default	224	516
default	225	664
default	226	507
default	227	521
default	228	545
default	229	658
default	230	537
default	231	465
default	232	493
default	233	566
default	234	529
default	235	433
default	236	686
default	237	625
default	238	457
default	239	538
default	240	517
default	241	504
default	242	600
default	243	538
default	244	502
default	245	563
default	246	596
default	247	479
default	248	496
default	249	591
default	250	465
default	251	519
default	252	577
default	253	467
default	254	551
default	255	534
default	256	635
default	257	474
default	258	585
default	259	592
default	260	616
default	261	591
default	262	647
default	263	684
default	264	562
default	265	613
default	266	566
default	267	775
default	268	703
default	269	650
default	270	578
default	271	588
default	272	529
default	273	783
default	274	681
default	275	572
default	276	512
default	277	554
default	278	631
default	279	577
default	280	550
default	281	639
default	282	543
default	283	644
default	284	564
default	285	655
default	286	458
default	287	603
default	288	568
default	289	614
default	290	594
default	291	505
default	292	510
default	293	466
default	294	605
default	295	544
default	296	693
default	297	522
default	298	581
default	299	598
default	300	604
default	301	720
default	302	561
default	303	544
default	304	458
default	305	676
default	306	656
default	307	846
default	308	534
default	309	559
default	310	661
default	311	425
default	312	488
default	313	625
default	314	788
default	315	704
default	316	708
default	317	660
default	318	833
default	319	559
default	320	507
default	321	768
default	322	635
default	323	518
default	324	441
default	325	646
default	326	862
default	327	519
default	328	535
default	329	715
default	330	738
default	331	760
default	332	594
default	333	704
default	334	774
default	335	617
default	336	482
default	337	588
default	338	484
default	339	450
default	340	486
default	341	654
default	342	496
default	343	833
default	344	590
default	345	437
default	346	508
default	347	618
default	348	549
default	349	791
default	350	589
default	351	624
default	352	645
default	353	396
default	354	531
default	355	583
default	356	736
default	357	692
default	358	462
default	359	791
default	360	795
default	361	677
default	363	472
default	364	714
default	365	466
default	366	562
default	367	528
default	368	930
default	370	354
default	371	771
default	372	592
default	373	611
default	374	702
default	375	593
default	376	474
default	377	833
default	378	604
default	379	577
default	380	600
default	381	562
default	382	542
default	383	527
default	384	430
default	385	614
default	386	354
default	388	458
default	389	1183
default	390	849
default	391	583
default	392	486
default	393	594
default	395	854
default	396	847
default	397	566
default	398	624
default	399	514
default	400	680
default	402	486
default	403	1166
default	405	718
default	407	514
default	408	556
default	409	767
default	411	791
default	412	687
default	415	950
default	417	646
default	418	864
default	420	635
default	421	750
default	423	618
default	424	569
default	425	479
default	426	499
default	427	687
default	429	625
default	431	633
default	434	833
default	438	875
default	445	833
default	449	597
default	452	597
default	455	656
default	464	916
default	465	521
default	466	1333
default	468	584
default	474	479
default	477	833
default	479	688
default	480	583
default	481	500
default	482	861
default	490	667
default	492	479
default	495	854
default	504	771
default	509	479
default	524	709
default	541	777
default	593	972
precomputed	0	64
precomputed	1	63
precomputed	2	64
precomputed	3	65
precomputed	4	65
precomputed	5	64
precomputed	6	63
precomputed	7	64
precomputed	8	64
precomputed	9	66
precomputed	10	67
precomputed	11	66
precomputed	12	65
precomputed	13	64
precomputed	14	65
precomputed	15	65
precomputed	16	65
precomputed	17	67
precomputed	18	65
precomputed	19	67
precomputed	20	67
precomputed	21	66
precomputed	22	68
precomputed	23	64
precomputed	24	66
precomputed	25	67
precomputed	26	66
precomputed	27	69
precomputed	28	66
precomputed	29	66
precomputed	30	68
precomputed	31	67
precomputed	32	67
precomputed	33	68
precomputed	34	67
precomputed	35	68
precomputed	36	66
precomputed	37	68
precomputed	38	66
precomputed	39	66
precomputed	40	70
precomputed	41	67
precomputed	42	66
precomputed	43	69
precomputed	44	68
precomputed	45	68
precomputed	46	68
precomputed	47	66
precomputed	48	68
precomputed	49	67
precomputed	50	67
precomputed	51	68
precomputed	52	67
precomputed	53	68
precomputed	54	69
precomputed	55	68
precomputed	56	69
precomputed	57	68
precomputed	58	68
precomputed	59	70
precomputed	60	68
precomputed	61	69
precomputed	62	68
precomputed	63	66
precomputed	64	70
precomputed	65	230
precomputed	66	225
precomputed	67	233
precomputed	68	235
precomputed	69	240
precomputed	70	232
precomputed	71	236
precomputed	72	250
precomputed	73	244
precomputed	74	251
precomputed	75	248
precomputed	76	252
precomputed	77	251
precomputed	78	254
precomputed	79	259
precomputed	80	251
precomputed	81	259
precomputed	82	256
precomputed	83	249
precomputed	84	251
precomputed	85	273
precomputed	86	257
precomputed	87	255
precomputed	88	267
precomputed	89	256
precomputed	90	271
precomputed	91	277
precomputed	92	277
precomputed	93	267
precomputed	94	271
precomputed	95	282
precomputed	96	273
precomputed	97	275
precomputed	98	276
precomputed	99	280
precomputed	100	267
precomputed	101	311
precomputed	102	278
precomputed	103	274
precomputed	104	286
precomputed	105	278
precomputed	106	289
precomputed	107	274
precomputed	108	284
precomputed	109	317
precomputed	110	299
precomputed	111	269
precomputed	112	282
precomputed	113	295
precomputed	114	285
precomputed	115	294
precomputed	116	291
precomputed	117	314
precomputed	118	298
precomputed	119	281
precomputed	120	277
precomputed	121	283
precomputed	122	309
precomputed	123	297
precomputed	124	294
precomputed	125	309
precomputed	126	299
precomputed	127	318
precomputed	128	280
precomputed	129	376
precomputed	130	357
precomputed	131	354
precomputed	132	353
precomputed	133	352
precomputed	134	337
precomputed	135	347
precomputed	136	341
precomputed	137	355
precomputed	138	363
precomputed	139	372
precomputed	140	364
precomputed	141	354
precomputed	142	361
precomputed	143	337
precomputed	144	367
precomputed	145	344
precomputed	146	381
precomputed	147	350
precomputed	148	377
precomputed	149	325
precomputed	150	343
precomputed	151	349
precomputed	152	338
precomputed	153	378
precomputed	154	351
precomputed	155	356
precomputed	156	371
precomputed	157	389
precomputed	158	378
precomputed	159	350
precomputed	160	374
precomputed	161	427
precomputed	162	365
precomputed	163	365
precomputed	164	388
precomputed	165	370
precomputed	166	408
precomputed	167	390
precomputed	168	368
precomputed	169	371
precomputed	170	345
precomputed	171	387
precomputed	172	377
precomputed	173	390
precomputed	174	354
precomputed	175	389
precomputed	176	390
precomputed	177	364
precomputed	178	408
precomputed	179	397
precomputed	180	358
precomputed	181	391
precomputed	182	369
precomputed	183	392
precomputed	184	387
precomputed	185	378
precomputed	186	440
precomputed	187	384
precomputed	188	389
precomputed	189	368
precomputed	190	385
precomputed	191	369
precomputed	192	381
precomputed	193	470
precomputed	194	408
precomputed	195	414
precomputed	196	426
precomputed	197	470
precomputed	198	477
precomputed	199	419
precomputed	200	506
precomputed	201	456
precomputed	202	468
precomputed	203	440
precomputed	204	461
precomputed	205	458
precomputed	206	529
precomputed	207	439
precomputed	208	419
precomputed	209	432
precomputed	210	488
precomputed	211	438
precomputed	212	445
precomputed	213	413
precomputed	214	503
precomputed	215	520
precomputed	216	416
precomputed	217	416
precomputed	218	469
precomputed	219	425
precomputed	220	439
precomputed	221	494
precomputed	222	396
precomputed	223	433
precomputed	224	479
precomputed	225	566
precomputed	226	452
precomputed	227	453
precomputed	228	464
precomputed	229	533
precomputed	230	495
precomputed	231	417
precomputed	232	435
precomputed	233	490
precomputed	234	462
precomputed	235	421
precomputed	236	567
precomputed	237	558
precomputed	238	423
precomputed	239	465
precomputed	240	445
precomputed	241	466
precomputed	242	484
precomputed	243	469
precomputed	244	472
precomputed	245	486
precomputed	246	450
precomputed	247	416
precomputed	248	462
precomputed	249	547
precomputed	250	398
precomputed	251	457
precomputed	252	564
precomputed	253	433
precomputed	254	489
precomputed	255	540
precomputed	256	549
precomputed	257	428
precomputed	258	452
precomputed	259	489
precomputed	260	512
precomputed	261	518
precomputed	262	583
precomputed	263	632
precomputed	264	477
precomputed	265	551
precomputed	266	463
precomputed	267	564
precomputed	268	520
precomputed	269	555
precomputed	270	487
precomputed	271	492
precomputed	272	451
precomputed	273	601
precomputed	274	600
precomputed	275	552
precomputed	276	429
precomputed	277	506
precomputed	278	555
precomputed	279	472
precomputed	280	529
precomputed	281	584
precomputed	282	478
precomputed	283	531
precomputed	284	480
precomputed	285	526
precomputed	286	408
precomputed	287	530
precomputed	288	423
precomputed	289	569
precomputed	290	589
precomputed	291	414
precomputed	292	427
precomputed	293	405
precomputed	294	617
precomputed	295	452
precomputed	296	619
precomputed	297	390
precomputed	298	484
precomputed	299	434
precomputed	300	570
precomputed	301	647
precomputed	302	508
precomputed	303	491
precomputed	304	410
precomputed	305	551
precomputed	306	612
precomputed	307	641
precomputed	308	435
precomputed	309	479
precomputed	310	602
precomputed	311	400
precomputed	312	413
precomputed	313	472
precomputed	314	673
precomputed	315	641
precomputed	316	765
precomputed	317	547
precomputed	318	729
precomputed	319	520
precomputed	320	447
precomputed	321	726
precomputed	322	604
precomputed	323	467
precomputed	324	412
precomputed	325	513
precomputed	326	754
precomputed	327	429
precomputed	328	464
precomputed	329	712
precomputed	330	607
precomputed	331	838
precomputed	332	486
precomputed	333	699
precomputed	334	745
precomputed	335	454
precomputed	336	458
precomputed	337	532
precomputed	338	437
precomputed	339	308
precomputed	340	463
precomputed	341	607
precomputed	342	488
precomputed	343	680
precomputed	344	465
precomputed	345	395
precomputed	346	491
precomputed	347	423
precomputed	348	526
precomputed	349	689
precomputed	350	535
precomputed	351	577
precomputed	352	552
precomputed	353	292
precomputed	354	510
precomputed	355	444
precomputed	356	722
precomputed	357	562
precomputed	358	454
precomputed	359	608
precomputed	360	695
precomputed	361	677
precomputed	363	513
precomputed	364	660
precomputed	365	374
precomputed	366	583
precomputed	367	500
precomputed	368	708
precomputed	370	312
precomputed	371	666
precomputed	372	441
precomputed	373	472
precomputed	374	619
precomputed	375	448
precomputed	376	416
precomputed	377	624
precomputed	378	625
precomputed	379	559
precomputed	380	625
precomputed	381	500
precomputed	382	479
precomputed	383	472
precomputed	384	361
precomputed	385	479
precomputed	386	354
precomputed	388	354
precomputed	389	1325
precomputed	390	599
precomputed	391	541
precomputed	392	500
precomputed	393	531
precomputed	395	583
precomputed	396	833
precomputed	397	550
precomputed	398	565
precomputed	399	437
precomputed	400	514
precomputed	402	361
precomputed	403	750
precomputed	405	708
precomputed	407	374
precomputed	408	513
precomputed	409	741
precomputed	411	562
precomputed	412	614
precomputed	415	625
precomputed	417	604
precomputed	418	624
precomputed	420	479
precomputed	421	875
precomputed	423	618
precomputed	424	541
precomputed	425	375
precomputed	426	375
precomputed	427	646
precomputed	429	500
precomputed	431	566
precomputed	434	864
precomputed	438	604
precomputed	445	750
precomputed	449	555
precomputed	452	555
precomputed	455	677
precomputed	464	944
precomputed	465	375
precomputed	466	1895
precomputed	468	416
precomputed	474	354
precomputed	477	625
precomputed	479	666
precomputed	480	541
precomputed	481	375
precomputed	482	1013
precomputed	490	666
precomputed	492	333
precomputed	495	604
precomputed	504	833
precomputed	509	333
precomputed	524	666
precomputed	541	555
precomputed	593	847
